LOCATION ACCOUNT #,BUSINESS NAME,DBA NAME,STREET ADDRESS,CITY,ZIP CODE,LOCATION DESCRIPTION,MAILING ADDRESS,MAILING CITY,MAILING ZIP CODE,NAICS,PRIMARY NAICS DESCRIPTION,COUNCIL DISTRICT,LOCATION START DATE,LOCATION END DATE,LOCATION
0002189128-0001-1,"DTPG COLLECTIVE, INC",DTPG,1320 MATEO STREET,LOS ANGELES,90021-1747,1320 MATEO 90021-1747,,,,888888,Medical Marijuana Collective,14,10/06/2006,,"(34.0282, -118.2322)"
0002176979-0001-1,HERBAL REMEDIES CAREGIVERS INC,,12423   GLADSTONE AVENUE,SYLMAR,91342-5339,12423 GLADSTONE 91342-5339,15544   CABRITO ROAD,VAN NUYS,91406-1409,888888,Medical Marijuana Collective,7,09/01/2006,,"(34.2953, -118.4127)"
0002262211-0002-4,SOUTHERN CALIFORNIA COLLECTIVE A NON PROFIT ASSOCIATION,,2435   MILITARY AVENUE,LOS ANGELES,90064-1920,2435 MILITARY 90064-1920,,,,888888,Medical Marijuana Collective,5,08/06/2007,,"(34.0373, -118.4327)"
0002220313-0001-3,"VALLEY HOLISTIC CAREGIVERS, INC",SMARTWEED,1038 N WESTERN AVENUE,LOS ANGELES,90029-2310,1038 WESTERN 90029-2310,19360 RINALDI STREET #140,PORTER RANCH,91326-1607,888888,Medical Marijuana Collective,13,04/18/2011,,"(34.0895, -118.3087)"
0002239633-0001-7,"DIVINE WELLNESS CENTER, INC",,7246 ETON AVENUE,CANOGA PARK,91303-1505,7246 ETON 91303-1505,,,,888888,Medical Marijuana Collective,3,04/01/2007,,"(34.2018, -118.5954)"
0002215717-0001-4,WELLNESS CAREGIVERS COLLECTIVE,,15460   DEVONSHIRE STREET,MISSION HILLS,91345-2619,15460 DEVONSHIRE 91345-2619,,,,888888,Medical Marijuana Collective,7,01/09/2007,,"(34.2572, -118.4692)"
0002225065-0001-2,THE LOS ANGELES COOPERATIVE,HOLLYWEED,5160   VENICE BLVD,LOS ANGELES,90019-5229,5160 VENICE 90019-5229,5142   VENICE BLVD,LOS ANGELES,90019-5229,888888,Medical Marijuana Collective,10,02/12/2007,,"(34.0444, -118.3525)"
0002275041-0001-9,DOWNTOWN NATURAL CAREGIVERS INC.,,147 W 25TH STREET,LOS ANGELES,90007-2713,147 25TH 90007-2713,312   WALL STREET,LOS ANGELES,90013-1515,888888,Medical Marijuana Collective,9,09/14/2007,,"(34.0268, -118.2695)"
0002232461-0001-1,"HERBAL PAIN RELIEF CENTER COOPERATIVE, INC",,10736 SEPULVEDA BLVD,MISSION HILLS,91345-1904,10736 SEPULVEDA 91345-1904,,,,888888,Medical Marijuana Collective,7,03/13/2007,,"(34.2648, -118.4671)"
0002072463-0001-5,MARINA CAREGIVERS' COOPERATIVE INC,MARINA CAREGIVERS,13453 BEACH AVENUE,MARINA DEL REY,90292-5623,13453 BEACH 90292-5623,,,,888888,Medical Marijuana Collective,11,11/01/2005,,"(33.9906, -118.4455)"
0002207858-0001-0,"GOURMET GREEN ROOM, INC",GGR,1500   ESPERANZA STREET,LOS ANGELES,90023-3915,1500 ESPERANZA 90023-3915,,,,888888,Medical Marijuana Collective,14,12/10/2006,,"(34.0155, -118.2006)"
0002184569-0001-7,"SUPERIOR HERBAL HEALTH, LLC",THE CLINIK,20447   NORDHOFF STREET,CHATSWORTH,91311-6112,20447 NORDHOFF 91311-6112,,,,888888,Medical Marijuana Collective,12,10/01/2006,,"(34.2325, -118.5794)"
0002254141-0001-7,VERMONT HERBAL CENTER INC,AIRSIDE WELLNESS,7250 VALJEAN AVENUE,VAN NUYS,91406-3412,7250 VALJEAN 91406-3412,,,,888888,Medical Marijuana Collective,6,06/07/2007,,"(34.2023, -118.4859)"
0000097184-0001-2,DADDY'S PIPES INC,DADDY'S DISPENSARY,7040   HAYVENHURST AVENUE,VAN NUYS,91406-3801,7040 HAYVENHURST 91406-3801,14430   VENTURA BLVD,SHERMAN OAKS,91423-2607,888888,Medical Marijuana Collective,6,04/15/2000,,"(34.1986, -118.4918)"
0002207291-0001-3,NORTHRIDGE CAREGIVERS CO-OP INC,HCMA,11826   SHELDON STREET,SUN VALLEY,91352-1507,11826 SHELDON 91352-1507,7039   JELLICO AVENUE,VAN NUYS,91406-3525,888888,Medical Marijuana Collective,6,12/08/2006,,"(34.2409, -118.39)"
0002277718-0001-1,HUNTINGTON PATIENTS ASSOCIATION,,7011   CANOGA AVENUE,CANOGA PARK,91303-2034,7011 CANOGA 91303-2034,,,,888888,Medical Marijuana Collective,3,04/18/2011,,"(34.1978, -118.5981)"
0002034460-0002-9,ROBERTSON CAREGIVERS BEVERLYWOOD,ROBERTSON CAREGIVERS BEVERLYWOOD,12800   WENTWORTH STREET,ARLETA,91331-4331,12800 WENTWORTH 91331-4331,,,,888888,Medical Marijuana Collective,6,09/01/2007,,"(34.2362, -118.4116)"
0002193580-0001-2,ORGANIC CENTURY FARMACY INC,,12458   MAGNOLIA BLVD,VALLEY VILLAGE,91607-2451,12458 MAGNOLIA 91607-2451,,,,888888,Medical Marijuana Collective,2,11/01/2006,,"(34.1645, -118.4049)"
0002228941-0001-2,HEALTHY HERBAL CARE INC,,7123 SEPULVEDA BLVD,VAN NUYS,91405-2930,7123 SEPULVEDA 91405-2930,7123 SEPULVEDA BLVD,VAN NUYS,91405-2930,888888,Medical Marijuana Collective,6,02/28/2007,,"(34.1999, -118.4662)"
0002178426-0001-3,"RESOURCE REFERRAL SERVICES, INC",GVC,10842   MAGNOLIA BLVD,NORTH HOLLYWOOD,91601-3920,10842 MAGNOLIA 91601-3920,8940   NATIONAL BLVD,LOS ANGELES,90034-3308,888888,Medical Marijuana Collective,2,09/05/2006,,"(34.1644, -118.3674)"
0002207035-0001-3,PERENNIAL HOLISTIC WELLNESS CENTER INC,PERENNIAL HOLISTIC WELLNESS CENTER,11705 VENTURA BLVD,STUDIO CITY,91604-2616,11705 VENTURA 91604-2616,,,,888888,Medical Marijuana Collective,2,12/07/2006,,"(34.1414, -118.388)"
0002107645-0001-1,HEZEKIAH INCORPORATED,,2437 E 24TH STREET,VERNON,90058-1203,2437 24TH 90058-1203,,,,888888,Medical Marijuana Collective,14,04/15/2006,,"(34.0166, -118.2286)"
0002218104-0001-0,SMART COLLECTIVE INC,SMART COLLECTIVE,10745   RIVERSIDE DRIVE   SUITE #A-C,NORTH HOLLYWOOD,91602-2371,10745 RIVERSIDE 91602-2371,7552 BLUEBELL AVENUE,NORTH HOLLYWOOD,91605-2019,888888,Medical Marijuana Collective,4,01/18/2007,,"(34.1526, -118.3651)"
0002254984-0001-1,ONESRA ENTERPRISES INC,EUPHORIC CARE GIVERS / PROP 215 | EUPHORIC CAREGIVERS PROP 215,10655 W PICO BLVD,LOS ANGELES,90064-2222,10655 PICO 90064-2222,1730 N VISTA STREET,LOS ANGELES,90046-2235,888888,Medical Marijuana Collective,5,06/21/2007,,"(34.0426, -118.4234)"
0002190532-0001-1,KB COLLECTIVE FOR COMPASSION AND CARE INC,THE KIND CENTER & KB CENTER FOR COMPASSIONATE CARE,1944 N CAHUENGA BLVD,LOS ANGELES,90068-3853,1944 CAHUENGA 90068-3853,4872   TOPANGA CANYON BLVD   #344,WOODLAND HILLS,91364-4229,888888,Medical Marijuana Collective,4,10/13/2006,,"(34.1066, -118.3303)"
0002273482-0001-6,DOCTOR KUSH WORLD COLLECTIVE INC,,7569   MELROSE AVENUE,LOS ANGELES,90046-7444,7569 MELROSE 90046-7444,,,,888888,Medical Marijuana Collective,5,09/11/2007,,"(34.0839, -118.355)"
0002239291-0001-7,MELROSE HERBAL COLLECTIVE INC,,1603 S LA BREA AVENUE,LOS ANGELES,90019-5434,1603 LA BREA 90019-5434,,,,888888,Medical Marijuana Collective,10,04/11/2007,,"(34.0454, -118.3457)"
0002247121-0001-5,HERBAL SOLUTIONS SOUTHERN CALIFORNIA,LA BREA COMPASSIONATE CAREGIVERS,25937   WESTERN AVENUE,LOMITA,90717-3361,25937 WESTERN 90717-3361,25937   WESTERN AVENUE,LOMITA,90717-3361,888888,Medical Marijuana Collective,15,05/15/2007,,"(33.7871, -118.3081)"
0002584588-0002-0,LA ORGANIC PHARMACY INC,,5738 W WASHINGTON BLVD,LOS ANGELES,90016-2429,5738 WASHINGTON 90016-2429,,,,888888,Medical Marijuana Collective,10,10/28/2011,,"(34.0343, -118.3694)"
0002190496-0002-1,PLATINUM CLUB INC,,18441   VANOWEN STREET,RESEDA,91335-5324,18441 VANOWEN 91335-5324,,,,888888,Medical Marijuana Collective,3,07/01/2018,,"(34.194, -118.5349)"
0002165101-0001-1,MCFLOWER CORP,DELTA 9 CAREGIVERS,7648 VAN NUYS BLVD,VAN NUYS,91405-1358,7648 VAN NUYS 91405-1358,4648   SALTILLO STREET,WOODLAND HILLS,91364-5427,888888,Medical Marijuana Collective,2,07/06/2006,,"(34.2096, -118.4486)"
0002275034-0001-9,KUSH KORNER CAREGIVERS,,11045   SHERMAN WAY,SUN VALLEY,91352-1352,11045 SHERMAN 91352-1352,,,,888888,Medical Marijuana Collective,6,09/13/2007,,"(34.2254, -118.376)"
0002239788-0001-6,ORGANIC GREEN TREATMENT CENTER INC,LA CANNABIS CO. - LOS ANGELES,3791   2ND AVENUE,LOS ANGELES,90018-4308,3791 2ND 90018-4308,,,,888888,Medical Marijuana Collective,10,04/11/2007,,"(34.0188, -118.3193)"
0002257519-0001-7,GREEN PLANT THERAPY INC,BUD KING,18438   SATICOY STREET,RESEDA,91335-2910,18438 SATICOY 91335-2910,18534   DEVONSHIRE     SUITE #331,NORTHRIDGE,91324-0000,888888,Medical Marijuana Collective,3,07/01/2007,,"(34.2083, -118.5352)"
0002086566-0001-2,MOTHER NATURE'S REMEDY CAREGIVERS INC,,22815   VENTURA BLVD,WOODLAND HILLS,91364-1202,22815 VENTURA 91364-1202,22815   VENTURA BLVD   UNIT #291,WOODLAND HILLS,91364-1202,888888,Medical Marijuana Collective,3,01/10/2006,,"(34.1659, -118.624)"
0002205123-0001-4,ALTERNATIVE MEDICINAL CAREGIVERS INC,GREEN ANGEL,22748 VENTURA BLVD,WOODLAND HILLS,91364-1333,22748 VENTURA 91364-1333,18534   DEVONSHIRE     SUITE #428,NORTHRIDGE,91343-0000,888888,Medical Marijuana Collective,3,12/15/2006,,"(34.1664, -118.6219)"
0002243160-0001-6,"THE GREEN EARTH FARMACIE, INC",,7760 BURNET AVENUE,VAN NUYS,91405-1007,7760 BURNET 91405-1007,6811   WOODMAN AVENUE,VAN NUYS,91405-4269,888888,Medical Marijuana Collective,6,04/30/2007,,"(34.2113, -118.4629)"
0003028216-0001-1,CSA LA LLC,CANNASAFE,7027   HAYVENHURST AVENUE,VAN NUYS,91406-3802,7027 HAYVENHURST 91406-3802,7027   HAYVENHURST AVENUE   BUILDING,VAN NUYS,91406-3802,888888,Medical Marijuana Collective,6,01/01/2018,,"(34.1983, -118.493)"
0002256972-0001-2,DISCOUNT CAREGIVERS,DC COLLECTIVE,8053 DEERING AVENUE,CANOGA PARK,91304-5011,8053 DEERING 91304-5011,,,,888888,Medical Marijuana Collective,3,06/29/2007,,"(34.2164, -118.595)"
0002275032-0001-0,NILE COOPERATIVE CORPORATION,NILE COLLECTIVE / GREEN CITY COLLECTIVE,8405   PERSHING DRIVE   SUITE #100,PLAYA DEL REY,90293-7870,8405 PERSHING 90293-7870,,,,888888,Medical Marijuana Collective,11,05/29/2007,,"(33.957, -118.4432)"
0003087096-0001-4,SCIAGRI,,7532   ATOLL AVENUE,NORTH HOLLYWOOD,91605-1905,7532 ATOLL 91605-1905,922 E ANGELENO AVENUE,BURBANK,91501-1419,888888,Medical Marijuana Collective,2,01/01/2018,,"(34.2085, -118.4205)"
0003087290-0001-3,MAVOD VENTURES INC,,3411 S SAN PEDRO STREET,LOS ANGELES,90011-2436,3411 SAN PEDRO 90011-2436,528 S BROADWAY,LOS ANGELES,90013-2302,888888,Medical Marijuana Collective,9,01/01/2018,,"(34.0149, -118.2658)"
0003075540-0001-9,NIVA LABS LLC,,13171   TELFAIR AVENUE   UNIT #B,SYLMAR,91342-3571,13171 TELFAIR 91342-3571,1158   WESLEY AVENUE,PASADENA,91104-3157,888888,Medical Marijuana Collective,7,01/01/2018,,"(34.3106, -118.4793)"
0002174731-0001-0,CALIFORNIA COMPASSIONATE CARE NETWORK INC,,4720 VINELAND AVENUE,NORTH HOLLYWOOD,91602-1222,4720 VINELAND 91602-1222,4720 VINELAND AVENUE,NORTH HOLLYWOOD,91602-1222,888888,Medical Marijuana Collective,2,08/15/2006,,"(34.1558, -118.3702)"
0002173768-0001-5,TRINITY MEDICAL ALLIANCE INC,,2131 WESTWOOD BLVD,LOS ANGELES,90025-6330,2131 WESTWOOD 90025-6330,2131   WESTWOOD BLVD,LOS ANGELES,90025-6330,888888,Medical Marijuana Collective,5,06/01/2006,,"(34.0445, -118.4323)"
0002173088-0001-5,HOLLYWOOD HOLISTIC HEALERS INC,GRACE MEDICAL,21825   NORDHOFF STREET,CHATSWORTH,91311-5712,21825 NORDHOFF 91311-5712,946 N HUDSON AVENUE   #6,LOS ANGELES,90038-2569,888888,Medical Marijuana Collective,12,08/09/2006,,"(34.2359, -118.6036)"
0003023253-0001-5,MARCUS MARTIN/CHERYL MARTIN,BOMB FLOWER SMOKE SHOP,8945 S WESTERN AVENUE   SUITE #A,LOS ANGELES,90047-3549,8945 WESTERN 90047-3549,,,,888888,Medical Marijuana Collective,8,01/01/2018,,"(33.955, -118.3094)"
0003078390-0001-2,LA TEST LABS LLC,LA TESTING LAB,621 W ROSECRANS AVENUE   SUITE #104,GARDENA,90248-1516,621 ROSECRANS 90248-1516,621 W ROSECRANS AVENUE   SUITE #104,GARDENA,90248-1516,888888,Medical Marijuana Collective,15,01/01/2018,,"(33.9029, -118.2856)"
0003073331-0001-9,GREENLIGHT RESEARCH & TESTING LABORATORY LLC,,1320 W 12TH PLACE,LOS ANGELES,90015-2015,1320 12TH 90015-2015,4500   FORMAN AVENUE   SUITE #2,TOLUCA LAKE,91602-1615,888888,Medical Marijuana Collective,1,01/01/2018,,"(34.0436, -118.2731)"
0003075806-0001-6,ILLUMICAN SCIENTIFIC INC,,9870   SAN FERNANDO ROAD   #101,PACOIMA,91331-2665,9870 SAN FERNANDO 91331-2665,2100   REDONDO BEACH BLVD   #C141,TORRANCE,90504-1683,888888,Medical Marijuana Collective,7,01/01/2018,,"(34.2505, -118.4041)"
0003081736-0001-6,KURE LABS INC,,14770   CALVERT STREET   BUILDING,VAN NUYS,91411-2705,14770 CALVERT 91411-2705,,,,888888,Medical Marijuana Collective,6,01/01/2018,,"(34.1814, -118.4546)"
0002850257-0002-8,PURPLE HEART COMPASSION INC,,8360   MELROSE AVENUE   UNIT #101,LOS ANGELES,90069-6501,8360 MELROSE 90069-6501,,,,888888,Medical Marijuana Collective,5,01/01/2018,,"(34.0834, -118.3724)"
0003072744-0002-0,CALIGREEN LABORATORY,,"13340   SATICOY STREET   UNIT #H, I, J",NORTH HOLLYWOOD,91605-7635,13340 SATICOY 91605-7635,23679   CALABASAS ROAD   #729,CALABASAS,91302-1502,888888,Medical Marijuana Collective,2,01/01/2018,,"(34.2076, -118.424)"
0002856547-0001-4,JAIME MORENO,AMERICAN CANNABIS COMPANY,7503   LAUREL CANYON BLVD,NORTH HOLLYWOOD,91605-3149,7503 LAUREL CANYON 91605-3149,333   WASHINGTON BLVD   #505,MARINA DEL REY,90292-5152,888888,Medical Marijuana Collective,2,08/01/2006,,"(34.2071, -118.3966)"
0002226606-0001-1,MMR CENTER INC,,14000   VENTURA BLVD,SHERMAN OAKS,91423-3512,14000 VENTURA 91423-3512,,,,888888,Medical Marijuana Collective,4,02/16/2007,,"(34.1488, -118.4374)"
0002211791-0001-7,HHC PLUS INC A CA NON-PROF CORP,,1901 S ALAMEDA STREET #112,LOS ANGELES,90058-1037,1901 ALAMEDA 90058-1037,1161 N OGDEN DRIVE UNIT #100,WEST HOLLYWOOD,90046-5332,888888,Medical Marijuana Collective,14,12/28/2006,,"(34.0186, -118.2396)"
0002333808-0002-5,GREEN EARTH PHARMACY INC,,1227   253RD STREET,HARBOR CITY,90710-2413,1227 253RD 90710-2413,,,,888888,Medical Marijuana Collective,15,04/30/2007,,"(33.795, -118.2982)"
0002168149-0001-3,GREENHOUSE ORGANICS INC,THE GREENHOUSE,5156 SEPULVEDA BLVD,SHERMAN OAKS,91403-1154,5156 SEPULVEDA 91403-1154,5156 SEPULVEDA BLVD,SHERMAN OAKS,91403-1154,888888,Medical Marijuana Collective,4,07/25/2006,,"(34.164, -118.4661)"
0002247944-0001-1,HOLISTIC ALTERNATIVE INC. #57/D,,18306   EDDY STREET,NORTHRIDGE,91325-3314,18306 EDDY 91325-3314,6520   PLATT AVENUE,WEST HILLS,91307-3218,888888,Medical Marijuana Collective,12,04/17/2007,,"(34.2273, -118.5319)"
0002231857-0001-1,ALTERNATIVE MEDICINE GROUP INC,ALTERNATIVE MEDICINE GROUP,1423   ABBOT KINNEY BLVD,VENICE,90291-3740,1423 ABBOT KINNEY 90291-3740,POST OFFICE BOX #955,NORTH HOLLYWOOD,91603-0955,888888,Medical Marijuana Collective,11,01/01/2007,,"(33.9906, -118.4651)"
0002224443-0001-1,BEACH ENLIGHTENMENT AND COMPASSIONATE HEALING CORPORATION,BEACH CENTER COLLECTIVE,1115 W 190TH STREET,GARDENA,90248-4303,1115 190TH 90248-4303,,,,888888,Medical Marijuana Collective,15,02/08/2007,,"(33.8589, -118.2953)"
0002053218-0001-8,CYON CORPORATION INC,MEDMEN BEVERLY HILLS,110 S ROBERTSON BLVD,LOS ANGELES,90048-3208,110 ROBERTSON 90048-3208,10115   JEFFERSON BLVD,CULVER CITY,90232-3519,888888,Medical Marijuana Collective,5,07/01/2005,,"(34.0752, -118.3836)"
0002207198-0001-7,PROGRESSIVE HORIZON INC,WEST COAST COLLECTIVE,837 S LOS ANGELES STREET,LOS ANGELES,90014-3301,837 LOS ANGELES 90014-3301,,,,888888,Medical Marijuana Collective,14,12/15/2006,,"(34.0414, -118.2533)"
0002117284-0002-2,ORGANICA INC,,7301   SEPULVEDA BLVD,VAN NUYS,91405-1782,7301 SEPULVEDA 91405-1782,,,,888888,Medical Marijuana Collective,6,01/01/2018,,"(34.2032, -118.4667)"
0002256875-0001-8,420 GRAND INC,,13509 HUBBARD STREET,SYLMAR,91342-4419,13509 HUBBARD 91342-4419,,,,888888,Medical Marijuana Collective,7,06/29/2007,,"(34.3099, -118.4274)"
0002202307-0001-0,"COMPASSIONATE PATIENT RESOURCES, INC",,18526 PARTHENIA STREET,NORTHRIDGE,91324-4025,18526 PARTHENIA 91324-4025,,,,888888,Medical Marijuana Collective,12,11/22/2006,,"(34.2282, -118.537)"
0002220478-0001-6,NEW AGE COMPASSION CARE CENTER CORP,NEW AGE CARE CENTER,350 W MARTIN LUTHER KING JR BLVD,LOS ANGELES,90037-4529,350 MARTIN LUTHER KING JR 90037-4529,19720   VENTURA BLVD   SUITE #101,WOODLAND HILLS,91364-6308,888888,Medical Marijuana Collective,9,01/29/2007,,"(34.0108, -118.2796)"
0002850246-0001-1,WONDERLAND OASIS INC,,9830   SAN FERNANDO ROAD,PACOIMA,91331-2636,9830 SAN FERNANDO 91331-2636,,,,888888,Medical Marijuana Collective,7,05/07/2007,,"(34.25, -118.4034)"
0002198520-0001-7,ORIGINAL BALBOA CAREGIVERS INC,HAVANA GREEN,9419   MASON AVENUE,CHATSWORTH,91311-5204,9419 MASON 91311-5204,POST OFFICE BOX #9301,CALABASAS,91372-9301,888888,Medical Marijuana Collective,12,11/30/2006,,"(34.2413, -118.581)"
0002250336-0001-3,SYLMAR CAREGIVERS INC,,1787   WESTWOOD BLVD,LOS ANGELES,90024-5607,1787 WESTWOOD 90024-5607,11138   HERSHEY STREET,SUN VALLEY,91352-1216,888888,Medical Marijuana Collective,5,06/01/2007,,"(34.0508, -118.4382)"
0002256995-0001-3,GRANADA HILLS DISCOUNT FARMACY INC,,6710   VAN NUYS BLVD   UNIT #A,VAN NUYS,91405-4646,6710 VAN NUYS 91405-4646,,,,888888,Medical Marijuana Collective,6,06/29/2007,,"(34.1925, -118.4482)"
0002990977-0001-5,LOS ANGELES/MISSION HILLS WELLNESS CAREGIVERS CENTER LLC,,22708   VENTURA BLVD,WOODLAND HILLS,91364-1333,22708 VENTURA 91364-1333,,,,888888,Medical Marijuana Collective,3,06/01/2017,,"(34.1664, -118.6209)"
0002236085-0001-3,GREEN AID RECOVERY GROUP INC,"GREEN FIELD COLLECTIVE, HIGH NOTE LA  | THE RECOVERY GROUP INC",5359   VALLEY BLVD,LOS ANGELES,90032-3930,5359 VALLEY 90032-3930,POST OFFICE BOX #642282,LOS ANGELES,90064-8049,888888,Medical Marijuana Collective,14,03/01/2007,,"(34.0753, -118.1666)"
0002104144-0003-0,THE LITTLE COTTAGE CAREGIVERS LLC,,979 N LA BREA AVENUE,WEST HOLLYWOOD,90038-2321,979 LA BREA 90038-2321,,,,888888,Medical Marijuana Collective,5,08/15/2006,,"(34.0886, -118.3447)"
0002245715-0001-4,VENICE CAREGIVER FOUNDATION INC,MEDMEN SUN VALLEY,1310   ABBOT KINNEY BLVD,VENICE,90291-3758,1310 ABBOT KINNEY 90291-3758,5561   SULTANA AVENUE   #4c,TEMPLE CITY,91780-2300,888888,Medical Marijuana Collective,11,05/11/2007,,"(33.9909, -118.4678)"
0002263119-0001-1,VALLEY HERBAL HEALING CENTER INC,,11447 VANOWEN STREET,NORTH HOLLYWOOD,91605-6219,11447 VANOWEN 91605-6219,,,,888888,Medical Marijuana Collective,2,07/30/2007,,"(34.1939, -118.3807)"
0002289515-0001-2,LOS ANGELES WELLNESS CENTER LLC,ERBA,12320 W PICO BLVD,LOS ANGELES,90064-1137,12320 PICO 90064-1137,,,,888888,Medical Marijuana Collective,11,11/01/2006,,"(34.0281, -118.4524)"
0002509127-0001-8,NEW ERA CAREGIVERS,,1238 S FLOWER STREET,LOS ANGELES,90015-2117,1238 FLOWER 90015-2117,,,,888888,Medical Marijuana Collective,14,05/04/2010,,"(34.0401, -118.2667)"
0000382947-0002-9,PATIENTS AGAINST PAIN INC,THE BRIDGE & PAP,1501 E 17TH STREET,LOS ANGELES,90021-3147,1501 17TH 90021-3147,,,,888888,Medical Marijuana Collective,14,05/12/2006,,"(34.0235, -118.2448)"
0002258885-0001-6,PURPLE HEART COMPASSIONATE INC,,1425   LONG BEACH  AVENUE,LOS ANGELES,90021-,1425 LONG BEACH  90021-,,,,888888,Medical Marijuana Collective,14,07/01/2007,,"(0, 0)"
0002270444-0001-9,LAHC COLLECTIVE INC,,9074   DE GARMO AVENUE,SUN VALLEY,91352-2605,9074 DE GARMO 91352-2605,,,,888888,Medical Marijuana Collective,6,08/29/2007,,"(34.2343, -118.3732)"
0002218073-0001-2,THE RELIEF COLLECTIVE INC,,5816 W PICO BLVD,LOS ANGELES,90019-3713,5816 PICO 90019-3713,15127   HOLIDAY WAY,SYLMAR,91342-5503,888888,Medical Marijuana Collective,10,01/18/2007,,"(34.0509, -118.365)"
0002203314-0003-3,VIRGIL GRANT III,MED X NOW,1601 S SOTO STREET,LOS ANGELES,90023-2621,1601 SOTO 90023-2621,603 E UNIVERSITY DRIVE SUITE #B-167,CARSON,90746-1969,888888,Medical Marijuana Collective,14,08/10/2007,,"(34.0208, -118.2206)"
0002117413-0001-1,MEDICAL CAREGIVERS COOPERATIVE,,1039 N MISSION ROAD,LOS ANGELES,90033-1218,1039 MISSION 90033-1218,,,,888888,Medical Marijuana Collective,14,05/22/2006,,"(34.0595, -118.2156)"
0002033952-0001-0,VALLEY COLLECTIVE CARE INC,,5441   TOPANGA CANYON BLVD,WOODLAND HILLS,91367-6314,5441 TOPANGA CANYON 91367-6314,,,,888888,Medical Marijuana Collective,3,04/15/2005,,"(34.1698, -118.6062)"
0002236381-0001-0,HOLISTIC PAIN RELIEF INC,,5993 S ST ANDREWS PLACE,LOS ANGELES,90047-1308,5993 ST ANDREWS 90047-1308,,,,888888,Medical Marijuana Collective,8,03/30/2007,,"(0, 0)"
0002228537-0001-3,CITY COMPASSIONATE CAREGIVERS,CITY COMPASSIONATE CAREGIVERS,2235 E 7TH STREET,LOS ANGELES,90023-1019,2235 7TH 90023-1019,,,,888888,Medical Marijuana Collective,14,04/01/2007,,"(34.0348, -118.2237)"
0002210665-0001-9,MID CITY CANNABIS CLUB INC,LA BREA COLLECTIVE,5057 W PICO BLVD,LOS ANGELES,90019-4129,5057 PICO 90019-4129,,,,888888,Medical Marijuana Collective,10,12/28/2006,,"(34.0478, -118.348)"
0002941059-0001-9,UNIVERSE VITALITY CORPORATION,,219 W 4TH STREET   SPACE #A,LOS ANGELES,90013-0000,219 4TH 90013-0000,,,,888888,Medical Marijuana Collective,14,10/21/2016,,"(0, 0)"
0002257045-0001-9,THERAPEUTIC HEALTH COLLECTIVE INC,,621 W ROSECRANS AVENUE UNIT #101,GARDENA,90248-1516,621 ROSECRANS 90248-1516,,,,888888,Medical Marijuana Collective,15,06/20/2007,,"(33.9018, -118.2858)"
0002253054-0001-9,SAFE HARBOR PATIENT'S COLLECTIVE INC,,5953 HAZELTINE AVENUE #B,VAN NUYS,91401-3778,5953 HAZELTINE 91401-3778,,,,888888,Medical Marijuana Collective,2,06/12/2007,,"(34.1787, -118.4399)"
0002871131-0001-7,LINCOLN HEALTH,,5650 W WASHINGTON BLVD,LOS ANGELES,90016-1930,5650 WASHINGTON 90016-1930,12115 MAGNOLIA BLVD #221,NORTH HOLLYWOOD,91607-2609,888888,Medical Marijuana Collective,10,11/17/2015,,"(34.0356, -118.367)"
0002987580-0001-9,KEEP EM LIT,,1345 W MANCHESTER AVENUE   SUITE #F,LOS ANGELES,90044-2257,1345 MANCHESTER 90044-2257,,,,888888,Medical Marijuana Collective,8,08/01/2016,,"(33.9603, -118.2998)"
0002889921-0001-3,ORGANIC CAREGIVERS MEDICAL CANNIBIS INFORMATION EDUCATION CENTER LLC,,2249   WESTWOOD BLVD   UNIT #A,LOS ANGELES,90064-2017,2249 WESTWOOD 90064-2017,,,,888888,Medical Marijuana Collective,5,05/12/2010,,"(34.043, -118.4311)"
0002260907-0001-2,NATURES CURE INC,NATURE'S CURE INC | NATURE'S CURE INC.,8740 S SEPULVEDA BLVD   #105,LOS ANGELES,90045-4000,8740 SEPULVEDA 90045-4000,10115   JEFFERSON BLVD,CULVER CITY,90232-3519,888888,Medical Marijuana Collective,11,08/28/2007,,"(33.9577, -118.3958)"
0002195358-0001-6,KUSH ALLEY COLLECTIVE INC,,16733   SCHOENBORN STREET,NORTH HILLS,91343-6107,16733 SCHOENBORN 91343-6107,16733   SCHOENBORN STREET,NORTH HILLS,91343-6107,888888,Medical Marijuana Collective,12,10/01/2006,,"(34.2229, -118.4978)"
0002627252-0001-8,KML CONSULTANT INC,,9001 S NORMANDIE AVENUE,LOS ANGELES,90044-2023,9001 NORMANDIE 90044-2023,6709 LA TIJERA BLVD #568,LOS ANGELES,90045-2017,888888,Medical Marijuana Collective,0,07/23/2012,,"(33.9558, -118.3002)"
0002172987-0001-7,"TLC, INC",,3650 E OLYMPIC BLVD,LOS ANGELES,90023-3129,3650 OLYMPIC 90023-3129,,,,888888,Medical Marijuana Collective,14,08/09/2006,,"(34.0178, -118.1986)"
0002220929-0001-3,CHINATOWN PATIENT COLLECTIVE GROUP INC,,2439   HUNTER,LOS ANGELES,90021-,2439 HUNTER 90021-,7250   NUNES LANE,EUREKA,95503-7193,888888,Medical Marijuana Collective,14,01/30/2007,,"(0, 0)"
0002880727-0001-9,SEROTONIN MANAGEMENT,THE W,1302 N WILMINGTON BLVD,WILMINGTON,90744-2404,1302 WILMINGTON 90744-2404,,,,888888,Medical Marijuana Collective,15,01/14/2016,,"(33.7887, -118.2745)"
0002195362-0001-2,THE NATURAL WAY OF L A,ROYAL GREENS,5067 W WASHINGTON BLVD,LOS ANGELES,90016-1450,5067 WASHINGTON 90016-1450,,,,888888,Medical Marijuana Collective,10,11/01/2006,,"(34.0412, -118.3503)"
0002181863-0001-2,MARY JANES COLLECTIVE CAREGIVERS,MARY JANE'S MEDICAL CANNABIS COLLECTIVE,4901 MELROSE AVENUE,LOS ANGELES,90029-3731,4901 MELROSE 90029-3731,,,,888888,Medical Marijuana Collective,13,09/14/2006,,"(34.0835, -118.3072)"
0002112115-0001-9,IRONWORKS COLLECTIVE INC,IRONWORKS COLLECTIVE,718 E COMMERCIAL STREET,LOS ANGELES,90012-3412,718 COMMERCIAL 90012-3412,1645 S LA CIENEGA BLVD,LOS ANGELES,90035-4561,888888,Medical Marijuana Collective,14,04/28/2006,,"(34.0523, -118.232)"
0002666211-0001-7,GREEN LEAF VIP INC,,8501 S FIGUEROA STREET,LOS ANGELES,90003-2785,8501 FIGUEROA 90003-2785,5050 GAGE AVENUE,BELL,90201-1547,888888,Medical Marijuana Collective,8,02/20/2013,,"(33.9611, -118.2827)"
0002695118-0001-2,BEST BUDS CARE INC,SPECTRUM CAREGIVERS,3567 W 3RD STREET,LOS ANGELES,90020-2012,3567 3RD 90020-2012,,,,888888,Medical Marijuana Collective,10,08/01/2013,,"(34.069, -118.2932)"
0000725759-0003-9,KUSH VALLEY COLLECTIVE,,6500   STANFORD AVENUE,LOS ANGELES,90001-1536,6500 STANFORD 90001-1536,,,,888888,Medical Marijuana Collective,9,11/14/2006,,"(33.981, -118.2624)"
0002231724-0001-8,HERBAL RELIEF CAREGIVERS INC,,7648 CLYBOURN AVENUE #A,SUN VALLEY,91352-4622,7648 CLYBOURN 91352-4622,7648 CLYBOURN AVENUE #A,SUN VALLEY,91352-4628,888888,Medical Marijuana Collective,2,02/15/2007,,"(34.21, -118.3634)"
0002175639-0001-5,EXCLUSIVE CAREGIVERS OF CALIFORNIA INC,EXCLUSIVE CAREGIVERS OF CALIFORNIA,6200 S WILTON PLACE,LOS ANGELES,90047-1319,6200 WILTON 90047-1319,,,,888888,Medical Marijuana Collective,8,09/30/2006,,"(33.9833, -118.3148)"
0002929281-0001-5,MOISE GELIN,VANTAGE VAPES,6006   VANTAGE AVENUE,NORTH HOLLYWOOD,91606-4638,6006 VANTAGE 91606-4638,,,,888888,Medical Marijuana Collective,2,02/15/2015,,"(34.1797, -118.3974)"
0002182264-0001-5,HERBAL SOLUTIONS PRE ICO LLC,URBAN TREEZ,11376   VENTURA BLVD,STUDIO CITY,91604-3139,11376 VENTURA 91604-3139,2711 N SEPULVEDA BLVD   #270,MANHATTAN BEACH,90266-2725,888888,Medical Marijuana Collective,2,09/14/2006,,"(34.1396, -118.3787)"
0002766766-0001-4,DUONG NGUYEN,ROLLING GREEN GROUP,16400 S VERMONT AVENUE,GARDENA,90247-4914,16400 VERMONT 90247-4914,,,,888888,Medical Marijuana Collective,15,03/07/2014,,"(33.8825, -118.2912)"
0002178173-0001-3,CRUZ VERDE INC,GREEN CROSS OF TORRANCE,1658 W CARSON STREET SUITE # B C,TORRANCE,90501-2836,1658 CARSON 90501-2836,POST OFFICE BOX #955,NORTH HOLLYWOOD,91603-0955,888888,Medical Marijuana Collective,15,11/01/2006,,"(33.8314, -118.3079)"
0002231006-0001-2,VALLEY HERBAL CENTER INC,,14522   VICTORY BLVD,VAN NUYS,91411-1618,14522 VICTORY 91411-1618,,,,888888,Medical Marijuana Collective,6,04/01/2007,,"(34.1866, -118.4495)"
0002274920-0001-3,DEC MEDICAL INC,CANNASUTRA,11101 VENTURA BLVD #1,STUDIO CITY,91604-3134,11101 VENTURA 91604-3134,13664 OTTOMAN STREET,ARLETA,91331-6314,888888,Medical Marijuana Collective,2,09/14/2007,,"(34.1411, -118.3719)"
0002179615-0002-7,ZEN MEDICAL GARDEN CO OP INC,GREEN LIGHT DISCOUNT PHARMACY | ZEN MEDICAL GARDEN/GREENLIGHT DISCOUNT PHARMACY,15507 COBALT STREET UNIT #4,SYLMAR,91342-3563,15507 COBALT 91342-3563,,,,888888,Medical Marijuana Collective,7,06/04/2007,,"(34.307, -118.4695)"
0002206249-0001-4,"NATURAL REMEDIES, INC",,927 1/2 N WESTERN AVENUE,LOS ANGELES,90029-3215,927 WESTERN 90029-3215,11635 MORRISON STREET,NORTH HOLLYWOOD,91601-4346,888888,Medical Marijuana Collective,13,12/05/2006,,"(34.0874, -118.3091)"
0002643087-0001-9,RESEDA DISCOUNT CORPORATION,,18448 OXNARD STREET BUILDING,TARZANA,91356-1504,18448 OXNARD 91356-1504,,,,888888,Medical Marijuana Collective,3,10/15/2012,,"(34.1799, -118.5349)"
0002441144-0001-3,BUDDHA BAR COLLECTIVE INC,,440 1/2 N LA CIENEGA BLVD,WEST HOLLYWOOD,90048-1907,440 LA CIENEGA 90048-1907,,,,888888,Medical Marijuana Collective,5,06/01/2009,,"(34.0792, -118.3765)"
0002060233-0001-7,CALVIN FRYE,COMPASSSIONATE CAREGIVER OF STUDIO CITY,11422 MOORPARK STREET,STUDIO CITY,91602-2010,11422 MOORPARK 91602-2010,,,,888888,Medical Marijuana Collective,2,09/01/2005,,"(34.1503, -118.3798)"
0003043880-0001-4,OPHIUCHUS INC,PCH HERBARIUM,1605   PACIFIC COAST HIGHWAY   #107,HARBOR CITY,90710-2600,1605 PACIFIC COAST 90710-2600,,,,888888,Medical Marijuana Collective,15,03/01/2018,,"(33.7899, -118.3047)"
0002183298-0001-1,DOWNTOWN COLLECTIVE INC,MAGNOLIA WELLNESS,5142 VINELAND AVENUE,NORTH HOLLYWOOD,91601-3849,5142 VINELAND 91601-3849,,,,888888,Medical Marijuana Collective,2,09/19/2006,,"(34.1637, -118.3702)"
0002234992-0001-2,MOTA INC,,4001 W SUNSET BLVD,LOS ANGELES,90029-2105,4001 SUNSET 90029-2105,,,,888888,Medical Marijuana Collective,13,03/22/2007,,"(34.0928, -118.2803)"
0002248188-0001-6,VENICE ALTERNATIVE HEALING COLLECTIVE CO-OP,,817 E GAGE AVENUE,LOS ANGELES,90001-1515,817 GAGE 90001-1515,11664   NATIONAL BLVD   SUITE #425,LOS ANGELES,90064-3802,888888,Medical Marijuana Collective,9,04/18/2011,,"(33.9823, -118.2608)"
0002248388-0002-1,VALLEY HEALTH CENTER COLLECTIVE INC,,9752   GLENOAKS BLVD,SUN VALLEY,91352-1014,9752 GLENOAKS 91352-1014,,,,888888,Medical Marijuana Collective,6,03/01/2007,,"(34.247, -118.3844)"
0002255629-0001-4,HARBOR CAREGIVERS INC,CANNASSEUR'S CLUB,10125   SEPULVEDA BLVD,MISSION HILLS,91345-2613,10125 SEPULVEDA 91345-2613,,,,888888,Medical Marijuana Collective,7,06/25/2007,,"(34.2544, -118.4678)"
0002221186-0001-3,HERBALCURE CORPORATION,,17601 S DENVER AVENUE,GARDENA,90248-3412,17601 DENVER 90248-3412,11900 W OLYMPIC BLVD   SUITE #770,LOS ANGELES,90064-1198,888888,Medical Marijuana Collective,15,04/18/2011,,"(33.8706, -118.2831)"
0002246086-0001-4,CARE CALIFORNIA CONSULTATION INC,BUDDHA COMPANY,2038 SACRAMENTO STREET,LOS ANGELES,90021-1720,2038 SACRAMENTO 90021-1720,,,,888888,Medical Marijuana Collective,14,05/09/2007,,"(34.0305, -118.2306)"
0000978516-0001-2,GREEN LEAF CAREGIVERS,FIREHAUS,2000   COTNER AVENUE,LOS ANGELES,90025-5604,2000 COTNER 90025-5604,,,,888888,Medical Marijuana Collective,5,01/01/2000,,"(34.0422, -118.4417)"
0002185997-0001-9,GREENHOUSE HERBAL CENTER LLC,,5224 HOLLYWOOD BLVD,LOS ANGELES,90027-4909,5224 HOLLYWOOD 90027-4909,5224   HOLLYWOOD BLVD,LOS ANGELES,90027-4909,888888,Medical Marijuana Collective,13,09/28/2006,,"(34.1017, -118.3042)"
0002181088-0001-7,THE HOLISTIC CAREGIVERS  INC,CRENSHAW HOLISTIC CAREGIVERS,7415   CRENSHAW BLVD,LOS ANGELES,90043-4931,7415 CRENSHAW 90043-4931,603 E UNIVERSITY DRIVE SIDE #B-167,CARSON,90746-1969,888888,Medical Marijuana Collective,8,09/11/2006,,"(33.9722, -118.3312)"
0002200695-0001-3,CAHUENGA CAREGIVERS INC,THE REEFINERY,14901 OXNARD STREET,VAN NUYS,91411-2611,14901 OXNARD 91411-2611,,,,888888,Medical Marijuana Collective,4,11/30/2006,,"(34.1793, -118.4574)"
0002406834-0001-8,LIZBOR INC,WOODLANDHILLS TREATMENT CENTER WHTC,3760 CAHUENGA BLVD,STUDIO CITY,91604-3578,3760 CAHUENGA 91604-3578,,,,888888,Medical Marijuana Collective,4,02/01/2009,,"(34.1358, -118.3619)"
0002245971-0001-4,"MMD, INC.",,1515 N CAHUENGA BLVD,LOS ANGELES,90028-7312,1515 CAHUENGA 90028-7312,1515 N CAHUENGA BLVD,LOS ANGELES,90028-7312,888888,Medical Marijuana Collective,13,05/09/2007,,"(34.0985, -118.3298)"
0002233236-0001-4,GREEN DOT MEDICINAL CANNABIS PATIENT'S GROUP,GREEN DOT COLLECTIVE,4200 LINCOLN BLVD,MARINA DEL REY,90292-5618,4200 LINCOLN 90292-5618,4200 LINCOLN BLVD,MARINA DEL REY,90292-5618,888888,Medical Marijuana Collective,11,03/15/2007,,"(33.9868, -118.4444)"
0002273685-0001-6,FOUNTAIN OF WELLBEING A COOPERATIVE CORPORATION,FOUNTAIN OF WELL BEING,7231 HINDS AVENUE,NORTH HOLLYWOOD,91605-3702,7231 HINDS 91605-3702,7231   HINDS AVENUE,NORTH HOLLYWOOD,91605-3702,888888,Medical Marijuana Collective,2,09/01/2007,,"(34.2017, -118.391)"
0002233176-0001-1,TIMOTHY LEARY MEMORIAL DISPENSARY COLLECTIVE,POTTERY,5042   VENICE BLVD,LOS ANGELES,90019-5310,5042 VENICE 90019-5310,,,,888888,Medical Marijuana Collective,10,03/15/2007,,"(34.045, -118.3486)"
0002238832-0001-1,RDC COLLECTIVE CORP,,18448 OXNARD STREET,TARZANA,91356-1504,18448 OXNARD 91356-1504,,,,888888,Medical Marijuana Collective,3,04/01/2007,,"(34.1799, -118.535)"
0002201665-0001-0,JOHN R PYRE / JAVIER MONTES JR,DELTA-9 T.H.C,824 E ANAHEIM STREET UNIT #B,WILMINGTON,90744-6833,824 ANAHEIM 90744-6833,824 E ANAHEIM STREET   UNIT #B,WILMINGTON,90744-6833,888888,Medical Marijuana Collective,15,12/01/2006,,"(33.7805, -118.2523)"
0002274496-0001-5,THE VAN NUYS GROUP,THE GREEN EASY,8311 BEVERLY BLVD,LOS ANGELES,90048-2607,8311 BEVERLY 90048-2607,8311 BEVERLY BLVD,LOS ANGELES,90048-2607,888888,Medical Marijuana Collective,5,09/13/2007,,"(34.076, -118.3703)"
0002208428-0001-3,RELIEF CCR,,432 S SAN VICENTE BLVD SUITE #100,LOS ANGELES,90048-4185,432 SAN VICENTE 90048-4185,,,,888888,Medical Marijuana Collective,5,01/15/2007,,"(34.0706, -118.3759)"
0000410225-0002-1,TOLABUS STEIN,SILVER LAKE CAREGIVERS GROUP | SILVERLAKE CAREGIVERS GROUP,2464 FLETCHER DRIVE,LOS ANGELES,90039-2802,2464 FLETCHER 90039-2802,,,,888888,Medical Marijuana Collective,13,05/22/2006,,"(34.107, -118.2552)"
0002082405-0002-7,AFTER CARE COLLECTIVE,THE LOFT AND AFTER CARE,5338 ALHAMA DRIVE,WOODLAND HILLS,91364-2101,5338 ALHAMA 91364-2101,,,,888888,Medical Marijuana Collective,3,03/21/2007,,"(34.1662, -118.5931)"
0002174190-0001-8,"UNIVERSAL HERBAL CENTER, LLC",THE MARIJUANA FACTORY,9155   DEERING AVENUE,CHATSWORTH,91311-5802,9155 DEERING 91311-5802,9155   DEERING AVENUE,CHATSWORTH,91311-5802,888888,Medical Marijuana Collective,12,08/15/2006,,"(34.2368, -118.5962)"
0002209814-0001-1,BOO-KU C.C. INC,BOO KU,10467   ROSCOE BLVD,SUN VALLEY,91352-4101,10467 ROSCOE 91352-4101,22501 FRIAR STREET,WOODLAND HILLS,91367-1716,888888,Medical Marijuana Collective,6,10/26/2006,,"(34.2221, -118.36)"
0002242390-0001-6,WELCOME THE HEALING TOUCH INC,,18013 VENTURA BLVD UNIT #A,ENCINO,91316-3517,18013 VENTURA 91316-3517,,,,888888,Medical Marijuana Collective,5,04/25/2007,,"(34.1646, -118.5248)"
0002274712-0001-2,COMPASSION UNION INC,,11669   VANOWEN STREET,NORTH HOLLYWOOD,91605-6131,11669 VANOWEN 91605-6131,,,,888888,Medical Marijuana Collective,2,09/13/2007,,"(34.1942, -118.3867)"
0002189025-0001-0,NATURE'S NATURAL COOPERATIVE CARE INC,NEW AMSTERDAM NATURALS,9021 EXPOSITION BLVD,LOS ANGELES,90034-3305,9021 EXPOSITION 90034-3305,,,,888888,Medical Marijuana Collective,5,10/30/2006,,"(34.0285, -118.3924)"
0002212486-0001-9,CORNERSTONE RESEARCH COLLECTIVE,,2551 COLORADO BLVD,LOS ANGELES,90041-1040,2551 COLORADO 90041-1040,,,,888888,Medical Marijuana Collective,14,01/02/2007,,"(34.1417, -118.222)"
0002240228-0001-4,GREEN DRAGON CAREGIVERS INC,GREEN DRAGON,7236 VARNA AVENUE,NORTH HOLLYWOOD,91605-4102,7236 VARNA 91605-4102,,,,888888,Medical Marijuana Collective,2,04/15/2007,,"(34.2024, -118.4247)"
0002163060-0001-5,THE HIGHER PATH PATIENT ASSOCIATION,JPHP MANAGEMENT  | THE HIGHER PATH,14080 VENTURA BLVD,SHERMAN OAKS,91423-3542,14080 VENTURA 91423-3542,14080 VENTURA BLVD,SHERMAN OAKS,91423-3542,888888,Medical Marijuana Collective,4,06/29/2006,,"(34.1494, -118.4396)"
0002198991-0001-0,THE WELLNESS EARTH ENERGY DISPENSARY,WEED,11557 VENTURA BLVD,STUDIO CITY,91604-2611,11557 VENTURA 91604-2611,,,,888888,Medical Marijuana Collective,2,11/09/2006,,"(34.1399, -118.3837)"
0002132954-0001-7,KOREA TOWN COLLECTIVE LLC,ASCLEPIUS,7382 MELROSE AVENUE,LOS ANGELES,90046-7527,7382 MELROSE 90046-7527,7382 MELROSE AVENUE,LOS ANGELES,90046-7527,888888,Medical Marijuana Collective,5,07/24/2006,,"(34.0835, -118.3506)"
0002262577-0001-0,CALIFORNIA'S FINEST COAST TO COAST INC,CALI'S FINEST & 3C MEDICAL & COAST TO COAST,7127 CANOGA AVENUE,CANOGA PARK,91303-2035,7127 CANOGA 91303-2035,,,,888888,Medical Marijuana Collective,3,05/07/2007,,"(34.1998, -118.5977)"
0002203314-0002-5,VIRGIL GRANT III,,654 N MANHATTAN PLACE,LOS ANGELES,90004-1711,654 MANHATTAN 90004-1711,603 E UNIVERSITY DRIVE SUITE #B-167,CARSON,90746-1969,888888,Medical Marijuana Collective,4,07/11/2007,,"(34.0832, -118.3099)"
0002239627-0001-1,RED MOON INC,RED MOON,14350 OXNARD STREET,VAN NUYS,91401-3311,14350 OXNARD 91401-3311,,,,888888,Medical Marijuana Collective,4,04/01/2007,,"(34.1793, -118.4453)"
0002181643-0001-9,THE COMPASSION NETWORK LLC,MEDMEN VENICE | VENICE BEACH CARE CENTERS,410 LINCOLN BLVD,VENICE,90291-2829,410 LINCOLN 90291-2829,,,,888888,Medical Marijuana Collective,11,09/01/2006,,"(34.0004, -118.4659)"
0002255600-0001-6,SUNSET HERBAL CORNER INC,,11503 BURBANK BLVD UNIT #A,NORTH HOLLYWOOD,91601-2309,11503 BURBANK 91601-2309,7225 W SUNSET BLVD,LOS ANGELES,90046-3405,888888,Medical Marijuana Collective,2,06/25/2007,,"(34.1721, -118.3823)"
0002195649-0001-1,ASHMOON INC,HOLLYWOOD HIGH GRADE,7051 B SANTA MONICA BLVD,WEST HOLLYWOOD,90038-1042,7051 SANTA MONICA 90038-1042,,,,888888,Medical Marijuana Collective,4,11/02/2006,,"(34.0911, -118.3431)"
0002112381-0001-2,STRAIN BALBOA CAREGIVERS INC,STRAIN BALBOA CAREGIVERS,21627 DEVONSHIRE STREET #B,CHATSWORTH,91311-2902,21627 DEVONSHIRE 91311-2902,,,,888888,Medical Marijuana Collective,12,05/01/2006,,"(34.2572, -118.5999)"
0002173631-0001-4,"MISSION HILLS PATIENTS COLLECTIVE, INC",,18446   HART STREET   UNIT #M1-M2,RESEDA,91335-4215,18446 HART 91335-4215,18446   HART STREET   UNIT #M1-M2,RESEDA,91335-4215,888888,Medical Marijuana Collective,3,08/14/2006,,"(34.1971, -118.5351)"
0002224451-0001-6,WFARM1045 INC,THE WESTWOOD FARMACY,1035 GAYLEY AVENUE,LOS ANGELES,90024-3401,1035 GAYLEY 90024-3401,,,,888888,Medical Marijuana Collective,5,02/08/2007,,"(34.0613, -118.4474)"
0002112599-0001-9,CIRCLE OF HOPE ALLIANCE,BLUE GATE/ CIRCLE OF HOPE ALLIANCE,16901   ROSCOE BLVD,NORTHRIDGE,91343-6112,16901 ROSCOE 91343-6112,,,,888888,Medical Marijuana Collective,12,03/01/2006,,"(34.2216, -118.5012)"
0002274403-0001-9,HYPERION HEALING,BOMBAY,20660   BAHAMA STREET,CHATSWORTH,91311-6101,20660 BAHAMA 91311-6101,,,,888888,Medical Marijuana Collective,3,09/13/2007,,"(34.2314, -118.5838)"
0002097999-0001-3,CAC VENICE LLC,CALIFORNIA ALTERNATIVE CAREGIVERS,122 LINCOLN BLVD #204,VENICE,90291-2859,122 LINCOLN 90291-2859,,,,888888,Medical Marijuana Collective,11,02/13/2006,,"(34.0021, -118.4696)"
0002227550-0001-1,VFARM 1509,ROSE COLLECTIVE,411   ROSE AVENUE,VENICE,90291-2629,411 ROSE 90291-2629,411   ROSE AVENUE,VENICE,90291-2629,888888,Medical Marijuana Collective,11,02/08/2007,,"(33.9979, -118.4749)"
0002072981-0001-4,HOLISTIC SUPPLEMENTS LLC,COLLECTIVE CAREGIVERS PHARMACY AND 2 AM PHARMACY,3401 E 15TH STREET,LOS ANGELES,90023-3822,3401 15TH 90023-3822,,,,888888,Medical Marijuana Collective,14,10/19/2005,,"(34.0159, -118.2067)"
0002248953-0001-8,COLLECTIVE PHARM,THE HIGH NOTE CULVER CITY,5277 W JEFFERSON BLVD,LOS ANGELES,90016-3841,5277 JEFFERSON 90016-3841,523 W 6TH STREET   UNIT #716,LOS ANGELES,90014-1223,888888,Medical Marijuana Collective,10,05/24/2007,,"(34.0258, -118.3607)"
0002101730-0002-7,THE GREEN GODDESS INC,GREEN GODDESS COLLECTIVE,1716 MAIN STREET,VENICE,90291-6612,1716 MAIN 90291-6612,1716 MAIN STREET,VENICE,90291-6612,888888,Medical Marijuana Collective,11,10/01/2006,,"(33.9877, -118.4708)"
0002203172-0001-3,ABSOLUTE HERBAL PAIN SOLUTIONS INC,SHOWGROW LA,824 E 17TH STREET,LOS ANGELES,90021-3002,824 17TH 90021-3002,,,,888888,Medical Marijuana Collective,14,11/29/2006,,"(34.0272, -118.2531)"
0002178151-0001-7,LAX CC INC,,8332 LINCOLN BLVD,LOS ANGELES,90045-2414,8332 LINCOLN 90045-2414,,,,888888,Medical Marijuana Collective,11,10/01/2006,,"(33.9619, -118.421)"
0002237919-0001-7,PATIENTS CORP,,7132   FOOTHILL BLVD,TUJUNGA,91042-2717,7132 FOOTHILL 91042-2717,7132   FOOTHILL BLVD,TUJUNGA,91042-2717,888888,Medical Marijuana Collective,7,04/18/2011,,"(34.2479, -118.2873)"
0002212464-0001-2,BUDS & ROSES COLLECTIVE INC,BUDS & ROSES,13047 VENTURA BLVD LOWER LEVEL,STUDIO CITY,91604-2249,13047 VENTURA 91604-2249,,,,888888,Medical Marijuana Collective,2,01/01/2007,,"(34.1457, -118.4172)"
0002270852-0001-6,AMYLEE SMITHWICK,JAHLIFE - TRUE HOME OF RASTAFARI | JALIFE - TRUE HOME OF RASTAFARI,1054 S LA BREA AVENUE,LOS ANGELES,90019-6905,1054 LA BREA 90019-6905,12405 VENICE BLVD UNIT #369,LOS ANGELES,90066-3803,888888,Medical Marijuana Collective,10,08/31/2007,,"(34.0561, -118.3449)"
0002184683-0001-5,CANTODIEM DISPENSING COLLECTIVE INC,,10612 CHIQUITA STREET,NORTH HOLLYWOOD,91602-3215,10612 CHIQUITA 91602-3215,10612 CHIQUITA STREET,NORTH HOLLYWOOD,91602-3215,888888,Medical Marijuana Collective,2,09/01/2006,,"(34.1441, -118.3624)"
0002227446-0001-7,"LOS ANGELES VALLEY CAREGIVERS, INC.",,6132 WILSHIRE BLVD,LOS ANGELES,90048-5102,6132 WILSHIRE 90048-5102,,,,888888,Medical Marijuana Collective,5,02/05/2007,,"(34.063, -118.3623)"
0002192299-0001-5,PEACE OF GREEN INC,,1155 E PICO BLVD,LOS ANGELES,90021-2223,1155 PICO 90021-2223,,,,888888,Medical Marijuana Collective,14,04/15/2006,,"(34.0296, -118.2466)"
0002183557-0001-7,SUN VALLEY CAREGIVERS INC,,11000 RANDALL STREET UNIT #E,SUN VALLEY,91352-2649,11000 RANDALL 91352-2649,,,,888888,Medical Marijuana Collective,6,10/16/2006,,"(34.2371, -118.3713)"
0002189179-0001-4,WESTSIDE CAREGIVERS CLUB INC,WESTSIDE CAREGIVERS CLUB,7022 VALJEAN AVENUE,VAN NUYS,91406-3914,7022 VALJEAN 91406-3914,7022 VALJEAN AVENUE,VAN NUYS,91406-3914,888888,Medical Marijuana Collective,6,10/06/2006,,"(34.198, -118.4858)"
